data_hora,rodada,aquecimento,versao,modo,trava,workers,chunksize,imagens,pixels,t_total_s,t_preparo_s,t_processamento_s,t_final_s,espera_trava_s,dentro_trava_s,inicio_primeira_tarefa_s,cauda_s,ocupacao,fluxos_usados,impressao_digital,cpu,nucleos_fisicos,nucleos_logicos,ram_gb,sistema,python,pillow,numpy,maquina
2026-09-21T16:31:52,0,1,seq,,,1,,5000,1310720000,257.48282999999356,0.16230879999056924,257.31633300000976,0.004188199993222952,0.0,0.0,,,,1,4b458bb014e978263dcf86ab9113989e3ef0ee13e4c9e73a8d67bdd65303ad12,AMD Ryzen 5 5600X 6-Core Processor,6,12,23.9,Windows-10-10.0.19045-SP0,3.14.6,12.3.0,2.4.6,DESKTOP-AQOB1B7
2026-09-21T16:36:13,1,0,seq,,,1,,5000,1310720000,257.29297199999564,0.1675966999900993,257.1205312000093,0.00484409999626223,0.0,0.0,,,,1,4b458bb014e978263dcf86ab9113989e3ef0ee13e4c9e73a8d67bdd65303ad12,AMD Ryzen 5 5600X 6-Core Processor,6,12,23.9,Windows-10-10.0.19045-SP0,3.14.6,12.3.0,2.4.6,DESKTOP-AQOB1B7
2026-09-21T16:40:34,1,0,par,processos,fina,2,4,5000,1310720000,132.09728729999915,0.17060270000365563,131.92061119999562,0.006073399999877438,0.0102946,0.0461114,0.19032029999652877,0.046888500000932254,0.9992437881794902,2,4b458bb014e978263dcf86ab9113989e3ef0ee13e4c9e73a8d67bdd65303ad12,AMD Ryzen 5 5600X 6-Core Processor,6,12,23.9,Windows-10-10.0.19045-SP0,3.14.6,12.3.0,2.4.6,DESKTOP-AQOB1B7
2026-09-21T16:42:50,1,0,par,processos,fina,4,4,5000,1310720000,74.5996526999952,0.16409879999991972,74.42922729998827,0.006326600007014349,0.015648,0.0625319,0.2171840999944834,0.15203359999577515,0.9980810016932514,4,4b458bb014e978263dcf86ab9113989e3ef0ee13e4c9e73a8d67bdd65303ad12,AMD Ryzen 5 5600X 6-Core Processor,6,12,23.9,Windows-10-10.0.19045-SP0,3.14.6,12.3.0,2.4.6,DESKTOP-AQOB1B7
2026-09-21T16:44:08,1,0,par,processos,fina,6,4,5000,1310720000,54.00891070000944,0.1697000999993179,53.833097400012775,0.006113199997344054,0.0181198,0.0689445,0.22710750000260305,0.24250280001433566,0.9966631823625045,6,4b458bb014e978263dcf86ab9113989e3ef0ee13e4c9e73a8d67bdd65303ad12,AMD Ryzen 5 5600X 6-Core Processor,6,12,23.9,Windows-10-10.0.19045-SP0,3.14.6,12.3.0,2.4.6,DESKTOP-AQOB1B7
2026-09-21T16:45:06,1,0,par,processos,fina,8,4,5000,1310720000,47.25749039999209,0.16997519999858923,47.081575099990005,0.005940100003499538,0.0205425,0.0796756,0.26821369999379385,0.24592539999866858,0.9968274066618852,8,4b458bb014e978263dcf86ab9113989e3ef0ee13e4c9e73a8d67bdd65303ad12,AMD Ryzen 5 5600X 6-Core Processor,6,12,23.9,Windows-10-10.0.19045-SP0,3.14.6,12.3.0,2.4.6,DESKTOP-AQOB1B7
2026-09-21T16:45:57,1,0,par,processos,fina,12,4,5000,1310720000,37.506584500006284,0.16790400000172667,37.33285380000598,0.005826699998578988,0.0242494,0.0900158,0.3373126000078628,0.2871376999974018,0.9948172229624326,12,4b458bb014e978263dcf86ab9113989e3ef0ee13e4c9e73a8d67bdd65303ad12,AMD Ryzen 5 5600X 6-Core Processor,6,12,23.9,Windows-10-10.0.19045-SP0,3.14.6,12.3.0,2.4.6,DESKTOP-AQOB1B7
2026-09-21T16:46:38,2,0,seq,,,1,,5000,1310720000,257.7345258999994,0.16797320000478067,257.56231979999575,0.004232899998896755,0.0,0.0,,,,1,4b458bb014e978263dcf86ab9113989e3ef0ee13e4c9e73a8d67bdd65303ad12,AMD Ryzen 5 5600X 6-Core Processor,6,12,23.9,Windows-10-10.0.19045-SP0,3.14.6,12.3.0,2.4.6,DESKTOP-AQOB1B7
2026-09-21T16:50:59,2,0,par,processos,fina,2,4,5000,1310720000,134.18791929999134,0.16464210000413004,134.0132362000004,0.010040999986813404,0.012228,0.0540102,0.19199469999875873,0.13634109999111388,0.9988683672993661,2,4b458bb014e978263dcf86ab9113989e3ef0ee13e4c9e73a8d67bdd65303ad12,AMD Ryzen 5 5600X 6-Core Processor,6,12,23.9,Windows-10-10.0.19045-SP0,3.14.6,12.3.0,2.4.6,DESKTOP-AQOB1B7
2026-09-21T16:53:17,2,0,par,processos,fina,4,4,5000,1310720000,73.76816979999421,0.1731050999951549,73.58862130000489,0.006443399994168431,0.0182922,0.0685761,0.20794010000827257,0.20755560000543483,0.9977122506612502,4,4b458bb014e978263dcf86ab9113989e3ef0ee13e4c9e73a8d67bdd65303ad12,AMD Ryzen 5 5600X 6-Core Processor,6,12,23.9,Windows-10-10.0.19045-SP0,3.14.6,12.3.0,2.4.6,DESKTOP-AQOB1B7
2026-09-21T16:54:34,2,0,par,processos,fina,6,4,5000,1310720000,54.20524989999831,0.169952900003409,54.0278471000056,0.007449899989296682,0.0193236,0.073645,0.2206004000036046,0.20392879999417346,0.9965389136764231,6,4b458bb014e978263dcf86ab9113989e3ef0ee13e4c9e73a8d67bdd65303ad12,AMD Ryzen 5 5600X 6-Core Processor,6,12,23.9,Windows-10-10.0.19045-SP0,3.14.6,12.3.0,2.4.6,DESKTOP-AQOB1B7
2026-09-21T16:55:32,2,0,par,processos,fina,8,4,5000,1310720000,47.09758050000528,0.19529370000236668,46.89613929999177,0.006147500011138618,0.0216562,0.0796441,0.23955759999807924,0.261679200004437,0.9957744774155904,8,4b458bb014e978263dcf86ab9113989e3ef0ee13e4c9e73a8d67bdd65303ad12,AMD Ryzen 5 5600X 6-Core Processor,6,12,23.9,Windows-10-10.0.19045-SP0,3.14.6,12.3.0,2.4.6,DESKTOP-AQOB1B7
2026-09-21T16:56:23,2,0,par,processos,fina,12,4,5000,1310720000,37.454891699992004,0.16520139999920502,37.255276500000036,0.034413799992762506,0.0223962,0.0840862,0.322602200001711,0.2889336999942316,0.9961925721440712,12,4b458bb014e978263dcf86ab9113989e3ef0ee13e4c9e73a8d67bdd65303ad12,AMD Ryzen 5 5600X 6-Core Processor,6,12,23.9,Windows-10-10.0.19045-SP0,3.14.6,12.3.0,2.4.6,DESKTOP-AQOB1B7
2026-09-21T16:57:04,3,0,seq,,,1,,5000,1310720000,257.89533179999853,0.17038630000024568,257.7200595000031,0.004885999995167367,0.0,0.0,,,,1,4b458bb014e978263dcf86ab9113989e3ef0ee13e4c9e73a8d67bdd65303ad12,AMD Ryzen 5 5600X 6-Core Processor,6,12,23.9,Windows-10-10.0.19045-SP0,3.14.6,12.3.0,2.4.6,DESKTOP-AQOB1B7
2026-09-21T17:01:25,3,0,par,processos,fina,2,4,5000,1310720000,133.70875790000719,0.17915900000662077,133.50303399999393,0.026564900006633252,0.0150463,0.0625861,0.19605619998765178,0.09481320000486448,0.9990102518644504,2,4b458bb014e978263dcf86ab9113989e3ef0ee13e4c9e73a8d67bdd65303ad12,AMD Ryzen 5 5600X 6-Core Processor,6,12,23.9,Windows-10-10.0.19045-SP0,3.14.6,12.3.0,2.4.6,DESKTOP-AQOB1B7
2026-09-21T17:03:43,3,0,par,processos,fina,4,4,5000,1310720000,74.24594229999639,0.16587630000140052,74.07411399998819,0.0059520000068005174,0.0182478,0.0690409,0.22453259999747388,0.22916619999159593,0.9978953213420034,4,4b458bb014e978263dcf86ab9113989e3ef0ee13e4c9e73a8d67bdd65303ad12,AMD Ryzen 5 5600X 6-Core Processor,6,12,23.9,Windows-10-10.0.19045-SP0,3.14.6,12.3.0,2.4.6,DESKTOP-AQOB1B7
2026-09-21T17:05:01,3,0,par,processos,fina,6,4,5000,1310720000,53.871939799995744,0.169272600003751,53.69630289998895,0.006364300003042445,0.0188416,0.0734719,0.21847649999835994,0.2310624999954598,0.9971008467937569,6,4b458bb014e978263dcf86ab9113989e3ef0ee13e4c9e73a8d67bdd65303ad12,AMD Ryzen 5 5600X 6-Core Processor,6,12,23.9,Windows-10-10.0.19045-SP0,3.14.6,12.3.0,2.4.6,DESKTOP-AQOB1B7
2026-09-21T17:05:58,3,0,par,processos,fina,8,4,5000,1310720000,46.335849600000074,0.17979860000195913,46.14968659999431,0.006364400003803894,0.0204675,0.0788498,0.2480158999969717,0.2538561999972444,0.9967025949092964,8,4b458bb014e978263dcf86ab9113989e3ef0ee13e4c9e73a8d67bdd65303ad12,AMD Ryzen 5 5600X 6-Core Processor,6,12,23.9,Windows-10-10.0.19045-SP0,3.14.6,12.3.0,2.4.6,DESKTOP-AQOB1B7
2026-09-21T17:06:48,3,0,par,processos,fina,12,4,5000,1310720000,37.42191229999298,0.17458459999761544,37.24139500000456,0.0059326999908080325,0.024797,0.0878905,0.33774289999564644,0.3011724999960279,0.9950880694717464,12,4b458bb014e978263dcf86ab9113989e3ef0ee13e4c9e73a8d67bdd65303ad12,AMD Ryzen 5 5600X 6-Core Processor,6,12,23.9,Windows-10-10.0.19045-SP0,3.14.6,12.3.0,2.4.6,DESKTOP-AQOB1B7
2026-09-21T17:07:29,4,0,seq,,,1,,5000,1310720000,257.65826780001225,0.17869749999954365,257.4754309000127,0.004139399999985471,0.0,0.0,,,,1,4b458bb014e978263dcf86ab9113989e3ef0ee13e4c9e73a8d67bdd65303ad12,AMD Ryzen 5 5600X 6-Core Processor,6,12,23.9,Windows-10-10.0.19045-SP0,3.14.6,12.3.0,2.4.6,DESKTOP-AQOB1B7
2026-09-21T17:11:51,4,0,par,processos,fina,2,4,5000,1310720000,134.17401109999628,0.16245360000175424,133.9890366000036,0.02252089999092277,0.0145615,0.0624117,0.19523869999102317,0.0786979000113206,0.999068189033013,2,4b458bb014e978263dcf86ab9113989e3ef0ee13e4c9e73a8d67bdd65303ad12,AMD Ryzen 5 5600X 6-Core Processor,6,12,23.9,Windows-10-10.0.19045-SP0,3.14.6,12.3.0,2.4.6,DESKTOP-AQOB1B7
2026-09-21T17:14:09,4,0,par,processos,fina,4,4,5000,1310720000,74.28296549999504,0.1665476999914972,74.11131640001258,0.005101399990962818,0.018056,0.0697269,0.20447799999965355,0.2512549999955809,0.9972871567734017,4,4b458bb014e978263dcf86ab9113989e3ef0ee13e4c9e73a8d67bdd65303ad12,AMD Ryzen 5 5600X 6-Core Processor,6,12,23.9,Windows-10-10.0.19045-SP0,3.14.6,12.3.0,2.4.6,DESKTOP-AQOB1B7
2026-09-21T17:15:26,4,0,par,processos,fina,6,4,5000,1310720000,54.23473080000258,0.1662860000069486,54.062523400003556,0.005921399992075749,0.0183884,0.0725209,0.2245968999923207,0.17691340000601485,0.9974145164568059,6,4b458bb014e978263dcf86ab9113989e3ef0ee13e4c9e73a8d67bdd65303ad12,AMD Ryzen 5 5600X 6-Core Processor,6,12,23.9,Windows-10-10.0.19045-SP0,3.14.6,12.3.0,2.4.6,DESKTOP-AQOB1B7
2026-09-21T17:16:24,4,0,par,processos,fina,8,4,5000,1310720000,46.33612309998716,0.16745439999795053,46.11755670000275,0.05111199998646043,0.0207889,0.0790747,0.25765559999854304,0.2313512999971863,0.9963372180389765,8,4b458bb014e978263dcf86ab9113989e3ef0ee13e4c9e73a8d67bdd65303ad12,AMD Ryzen 5 5600X 6-Core Processor,6,12,23.9,Windows-10-10.0.19045-SP0,3.14.6,12.3.0,2.4.6,DESKTOP-AQOB1B7
2026-09-21T17:17:18,4,0,par,processos,fina,12,4,5000,1310720000,37.05897080000432,0.17123500000161584,36.88095560000511,0.006780199997592717,0.0416722,0.0923055,0.3530557000049157,0.28521279999404214,0.9952419146049949,12,4b458bb014e978263dcf86ab9113989e3ef0ee13e4c9e73a8d67bdd65303ad12,AMD Ryzen 5 5600X 6-Core Processor,6,12,23.9,Windows-10-10.0.19045-SP0,3.14.6,12.3.0,2.4.6,DESKTOP-AQOB1B7
2026-09-21T17:17:59,5,0,seq,,,1,,5000,1310720000,258.56572009999945,0.16386849999253172,258.3977913999988,0.004060200008098036,0.0,0.0,,,,1,4b458bb014e978263dcf86ab9113989e3ef0ee13e4c9e73a8d67bdd65303ad12,AMD Ryzen 5 5600X 6-Core Processor,6,12,23.9,Windows-10-10.0.19045-SP0,3.14.6,12.3.0,2.4.6,DESKTOP-AQOB1B7
2026-09-21T17:22:21,5,0,par,processos,fina,2,4,5000,1310720000,133.43007109999598,0.1628119999950286,133.2617223999987,0.005536700002267025,0.0155102,0.063136,0.19786169999861158,0.1170099000009941,0.998921899992808,2,4b458bb014e978263dcf86ab9113989e3ef0ee13e4c9e73a8d67bdd65303ad12,AMD Ryzen 5 5600X 6-Core Processor,6,12,23.9,Windows-10-10.0.19045-SP0,3.14.6,12.3.0,2.4.6,DESKTOP-AQOB1B7
2026-09-21T17:24:38,5,0,par,processos,fina,4,4,5000,1310720000,73.92078349999792,0.1617300000070827,73.75386959999742,0.0051838999934261665,0.0179903,0.0688665,0.20290709999972023,0.21660759999940637,0.99807578070415,4,4b458bb014e978263dcf86ab9113989e3ef0ee13e4c9e73a8d67bdd65303ad12,AMD Ryzen 5 5600X 6-Core Processor,6,12,23.9,Windows-10-10.0.19045-SP0,3.14.6,12.3.0,2.4.6,DESKTOP-AQOB1B7
2026-09-21T17:25:56,5,0,par,processos,fina,6,4,5000,1310720000,53.80117639999662,0.1640610999893397,53.63100140000461,0.0061139000026742,0.0185757,0.0714646,0.2287854000023799,0.17938410000351723,0.9971849918952942,6,4b458bb014e978263dcf86ab9113989e3ef0ee13e4c9e73a8d67bdd65303ad12,AMD Ryzen 5 5600X 6-Core Processor,6,12,23.9,Windows-10-10.0.19045-SP0,3.14.6,12.3.0,2.4.6,DESKTOP-AQOB1B7
2026-09-21T17:26:53,5,0,par,processos,fina,8,4,5000,1310720000,47.624818099997356,0.16889059999084566,47.416308100000606,0.039619400005904026,0.0208299,0.0794881,0.25864100000762846,0.28363720000197645,0.9965603917062726,8,4b458bb014e978263dcf86ab9113989e3ef0ee13e4c9e73a8d67bdd65303ad12,AMD Ryzen 5 5600X 6-Core Processor,6,12,23.9,Windows-10-10.0.19045-SP0,3.14.6,12.3.0,2.4.6,DESKTOP-AQOB1B7
2026-09-21T17:27:45,5,0,par,processos,fina,12,4,5000,1310720000,37.13387000000512,0.16771220001101028,36.959641499997815,0.0065162999962922186,0.0278688,0.0852325,0.3281791999907,0.2907302000094205,0.9955869214450936,12,4b458bb014e978263dcf86ab9113989e3ef0ee13e4c9e73a8d67bdd65303ad12,AMD Ryzen 5 5600X 6-Core Processor,6,12,23.9,Windows-10-10.0.19045-SP0,3.14.6,12.3.0,2.4.6,DESKTOP-AQOB1B7
2026-09-21T17:28:25,1,0,par,threads,fina,12,4,5000,1310720000,182.6438053999882,0.17646719999902416,182.4626081000024,0.004730099986772984,0.0950208,0.5146251,0.016052599996328354,0.7140362999925856,0.99860278263231,12,4b458bb014e978263dcf86ab9113989e3ef0ee13e4c9e73a8d67bdd65303ad12,AMD Ryzen 5 5600X 6-Core Processor,6,12,23.9,Windows-10-10.0.19045-SP0,3.14.6,12.3.0,2.4.6,DESKTOP-AQOB1B7
2026-09-21T17:31:32,1,0,par,processos,grossa,12,4,5000,1310720000,265.7534855999984,0.16621300000406336,265.5815825999889,0.005690000005415641,2909.728454,265.0653291,0.3258246999903349,0.8978885999968043,0.9977914761481652,12,4b458bb014e978263dcf86ab9113989e3ef0ee13e4c9e73a8d67bdd65303ad12,AMD Ryzen 5 5600X 6-Core Processor,6,12,23.9,Windows-10-10.0.19045-SP0,3.14.6,12.3.0,2.4.6,DESKTOP-AQOB1B7
2026-09-21T17:36:01,2,0,par,threads,fina,12,4,5000,1310720000,182.8339588999952,0.16762399999424815,182.66144090000307,0.004893999997875653,0.0532094,0.5952738,0.01546789999702014,0.8027843000018038,0.9990260757828012,12,4b458bb014e978263dcf86ab9113989e3ef0ee13e4c9e73a8d67bdd65303ad12,AMD Ryzen 5 5600X 6-Core Processor,6,12,23.9,Windows-10-10.0.19045-SP0,3.14.6,12.3.0,2.4.6,DESKTOP-AQOB1B7
2026-09-21T17:39:08,2,0,par,processos,grossa,12,4,5000,1310720000,263.96242039999925,0.1670317999960389,263.7887766000058,0.006611999997403473,2890.1644669,263.2736089,0.3284618000034243,0.8951241000031587,0.9978275370681481,12,4b458bb014e978263dcf86ab9113989e3ef0ee13e4c9e73a8d67bdd65303ad12,AMD Ryzen 5 5600X 6-Core Processor,6,12,23.9,Windows-10-10.0.19045-SP0,3.14.6,12.3.0,2.4.6,DESKTOP-AQOB1B7
2026-09-21T17:43:35,3,0,par,threads,fina,12,4,5000,1310720000,182.5651388999977,0.16828339999483433,182.39168339999742,0.005172100005438551,0.0766225,0.5989701,0.01501970000390429,0.718247099997825,0.9987270442097088,12,4b458bb014e978263dcf86ab9113989e3ef0ee13e4c9e73a8d67bdd65303ad12,AMD Ryzen 5 5600X 6-Core Processor,6,12,23.9,Windows-10-10.0.19045-SP0,3.14.6,12.3.0,2.4.6,DESKTOP-AQOB1B7
2026-09-21T17:46:41,3,0,par,processos,grossa,12,4,5000,1310720000,264.6930238999921,0.16645609999250155,264.4732139999978,0.05335380000178702,2897.3598335,263.9439073,0.3374325000040699,0.9026428000070155,0.9977748126668062,12,4b458bb014e978263dcf86ab9113989e3ef0ee13e4c9e73a8d67bdd65303ad12,AMD Ryzen 5 5600X 6-Core Processor,6,12,23.9,Windows-10-10.0.19045-SP0,3.14.6,12.3.0,2.4.6,DESKTOP-AQOB1B7
